<?xml version="1.0" encoding="UTF-8"?>
<description xmlns="http://openoffice.org/extensions/description/2006" xmlns:d="http://openoffice.org/extensions/description/2006"  xmlns:xlink="http://www.w3.org/1999/xlink">
            <version value="2010.05.27" />
    <identifier value="org.openoffice.sq.dictionaries.sq" />
    <display-name>
        <name lang="en">Albanian Spellchecker Dictionary</name>
    </display-name>
    <platform value="all" />
    <dependencies>
        <OpenOffice.org-minimal-version value="3.0" d:name="OpenOffice.org 3.0" />
    </dependencies>
    <registration>
        <simple-license  accept-by="admin" default-license-id="sq-AL" suppress-on-update="false" >
            <license-text xlink:href="Copyright" lang="sq-AL" license-id="sq-AL" />
        </simple-license>
    </registration>
    <icon>
        <default xlink:href="Albania.png" />
    </icon>
    <extension-description>
        <src xlink:href="README.txt" lang="en" />
    </extension-description>
</description>

